model_name,version,rmse,mae,r2,saved_at
RidgeRegression,20260118_2213,2.301079194148679,1.5417561073083905,0.9799486986264165,20260118_2213
